po_id,po_number,supplier_id,supplier_name,order_date,expected_delivery,actual_delivery,lead_time_days,total_amount,status
1,PO-20260630-0001,2,"Sankyou Foods Marketing OPC",2026-06-30,2026-07-07,2026-07-07,7,112985.38,completed
2,PO-20260713-0002,10,"Imsin Korean Store",2026-07-13,2026-07-17,2026-07-21,8,50826.36,completed
3,PO-20260716-0003,7,"Yakult Marketing Corporation - Sangandaan",2026-07-16,2026-07-22,2026-07-22,6,33955.79,completed
4,PO-20260722-0004,8,"Fenor Foods International Corp.",2026-07-22,2026-07-28,2026-07-28,6,74562.85,completed
5,PO-20260804-0005,7,"Yakult Marketing Corporation - Sangandaan",2026-08-04,2026-08-07,2026-08-07,3,81213.07,completed
6,PO-20260810-0006,6,"Yakult Marketing Corporation - Caloocan",2026-08-10,2026-08-17,2026-08-17,7,50809.05,completed
7,PO-20260815-0007,1,"Cruiz Korean Market",2026-08-15,2026-08-20,2026-08-20,5,148740,completed
8,PO-20260824-0008,7,"Yakult Marketing Corporation - Sangandaan",2026-08-24,2026-08-28,2026-08-28,4,75879.61,completed
9,PO-20260830-0009,3,"KSK Food Products",2026-08-30,2026-09-02,2026-09-02,3,63412.98,completed
10,PO-20260910-0010,4,"King Sue Ham & Sausage Co., Inc.",2026-09-10,2026-09-13,2026-09-18,8,135668.99,completed
11,PO-20260915-0011,12,"RichAnn Goods & Products",2026-09-15,2026-09-21,2026-09-21,6,76031.88,completed
