supplier_id,supplier_name,total_orders,on_time_deliveries,late_deliveries,avg_delay_days,total_supplied
1,"Cruiz Korean Market",1,1,0,0,148740
2,"Sankyou Foods Marketing OPC",1,1,0,0,112985.38
3,"KSK Food Products",1,1,0,0,63412.98
4,"King Sue Ham & Sausage Co., Inc.",1,0,1,5,135668.99
5,"GEM Foods International Inc.",0,0,0,0,0
6,"Yakult Marketing Corporation - Caloocan",1,1,0,0,50809.05
7,"Yakult Marketing Corporation - Sangandaan",3,3,0,0,191048.47
8,"Fenor Foods International Corp.",1,1,0,0,74562.85
9,"BMT Food Products Trading Caloocan",0,0,0,0,0
10,"Imsin Korean Store",1,0,1,4,50826.36
11,"Jems Tokyo Minimart",0,0,0,0,0
12,"RichAnn Goods & Products",1,1,0,0,76031.88
